{"IcoMoonType":"selection","icons":[{"icon":{"paths":["M1020.192 401.824c-8.864-25.568-31.616-44.288-59.008-48.352l-266.432-39.616-115.808-240.448c-12.192-25.248-38.272-41.408-66.944-41.408s-54.752 16.16-66.944 41.408l-115.808 240.448-266.464 39.616c-27.36 4.064-50.112 22.784-58.944 48.352-8.8 25.632-2.144 53.856 17.184 73.12l195.264 194.944-45.28 270.432c-4.608 27.232 7.2 54.56 30.336 70.496 12.704 8.736 27.648 13.184 42.592 13.184 12.288 0 24.608-3.008 35.776-8.992l232.288-125.056 232.32 125.056c11.168 5.984 23.488 8.992 35.744 8.992 14.944 0 29.888-4.448 42.624-13.184 23.136-15.936 34.88-43.264 30.304-70.496l-45.312-270.432 195.328-194.944c19.296-19.296 25.92-47.52 17.184-73.12zM754.816 619.616c-16.384 16.32-23.808 39.328-20.064 61.888l45.312 270.432-232.32-124.992c-11.136-6.016-23.424-8.992-35.776-8.992-12.288 0-24.608 3.008-35.744 8.992l-232.32 124.992 45.312-270.432c3.776-22.56-3.648-45.568-20.032-61.888l-195.264-194.944 266.432-39.68c24.352-3.616 45.312-18.848 55.776-40.576l115.872-240.384 115.84 240.416c10.496 21.728 31.424 36.928 55.744 40.576l266.496 39.68-195.264 194.912z"],"attrs":[],"isMulticolor":false,"isMulticolor2":false,"tags":["star","favorite"],"grid":32},"attrs":[],"properties":{"id":0,"order":9,"prevSize":32,"code":59648,"name":"star"},"setIdx":0,"setId":8,"iconIdx":0},{"icon":{"paths":["M854 512l-342 342-342-342 62-60 238 238v-520h84v520l240-238z"],"attrs":[],"isMulticolor":false,"isMulticolor2":false,"tags":["arrow_downward"],"defaultCode":58843,"grid":24},"attrs":[],"properties":{"ligatures":"arrow_downward","id":0,"order":15,"prevSize":24,"code":58843,"name":"arrow_downward"},"setIdx":1,"setId":7,"iconIdx":0},{"icon":{"paths":["M726 768c46 0 84 40 84 86s-38 84-84 84-86-38-86-84 40-86 86-86zM42 86h140l40 84h632c24 0 42 20 42 44 0 8-2 14-6 20l-152 276c-14 26-42 44-74 44h-318l-38 70-2 6c0 6 4 10 10 10h494v86h-512c-46 0-84-40-84-86 0-14 4-28 10-40l58-106-154-324h-86v-84zM298 768c46 0 86 40 86 86s-40 84-86 84-84-38-84-84 38-86 84-86z"],"attrs":[],"isMulticolor":false,"isMulticolor2":false,"tags":["shopping_cart"],"defaultCode":59596,"grid":24},"attrs":[],"properties":{"ligatures":"local_grocery_store, shopping_cart","id":1,"order":16,"prevSize":24,"code":59596,"name":"shopping_cart"},"setIdx":1,"setId":7,"iconIdx":1},{"icon":{"paths":["M298 426h428l-214 214z"],"attrs":[],"isMulticolor":false,"isMulticolor2":false,"tags":["arrow_drop_down"],"defaultCode":58821,"grid":24},"attrs":[],"properties":{"ligatures":"arrow_drop_down","id":47,"order":2,"prevSize":24,"code":58821,"name":"arrow_drop_down"},"setIdx":3,"setId":5,"iconIdx":47},{"icon":{"paths":["M316 334l196 196 196-196 60 60-256 256-256-256z"],"attrs":[],"isMulticolor":false,"isMulticolor2":false,"tags":["keyboard_arrow_down"],"defaultCode":58131,"grid":24},"attrs":[],"properties":{"ligatures":"keyboard_arrow_down","id":411,"order":18,"prevSize":24,"code":58131,"name":"keyboard_arrow_down"},"setIdx":3,"setId":5,"iconIdx":411},{"icon":{"paths":["M658 686l-60 60-256-256 256-256 60 60-196 196z"],"attrs":[],"isMulticolor":false,"isMulticolor2":false,"tags":["keyboard_arrow_left"],"defaultCode":58132,"grid":24},"attrs":[],"properties":{"ligatures":"keyboard_arrow_left","id":412,"order":21,"prevSize":24,"code":58132,"name":"keyboard_arrow_left"},"setIdx":3,"setId":5,"iconIdx":412},{"icon":{"paths":["M366 698l196-196-196-196 60-60 256 256-256 256z"],"attrs":[],"isMulticolor":false,"isMulticolor2":false,"tags":["keyboard_arrow_right"],"defaultCode":58133,"grid":24},"attrs":[],"properties":{"ligatures":"keyboard_arrow_right","id":413,"order":20,"prevSize":24,"code":58133,"name":"keyboard_arrow_right"},"setIdx":3,"setId":5,"iconIdx":413},{"icon":{"paths":["M316 658l-60-60 256-256 256 256-60 60-196-196z"],"attrs":[],"isMulticolor":false,"isMulticolor2":false,"tags":["keyboard_arrow_up"],"defaultCode":58134,"grid":24},"attrs":[],"properties":{"ligatures":"keyboard_arrow_up","id":414,"order":19,"prevSize":24,"code":58134,"name":"keyboard_arrow_up"},"setIdx":3,"setId":5,"iconIdx":414},{"icon":{"paths":["M342 214l468 298-468 298v-596z"],"attrs":[],"isMulticolor":false,"isMulticolor2":false,"tags":["play_arrow"],"defaultCode":57399,"grid":24},"attrs":[],"properties":{"ligatures":"play_arrow","id":587,"order":22,"prevSize":24,"code":57399,"name":"play_arrow"},"setIdx":3,"setId":5,"iconIdx":587},{"icon":{"paths":["M170 214h684v84h-684v-84zM170 470v-86h684v86h-684zM170 810v-84h684v84h-684zM170 640v-86h684v86h-684z"],"attrs":[],"isMulticolor":false,"isMulticolor2":false,"tags":["view_headline"],"defaultCode":59630,"grid":24},"attrs":[],"properties":{"ligatures":"view_headline","id":807,"order":30,"prevSize":24,"code":59630,"name":"view_headline"},"setIdx":3,"setId":5,"iconIdx":807},{"icon":{"paths":["M621.254 877.254l320-320c24.994-24.992 24.994-65.516 0-90.51l-320-320c-24.994-24.992-65.516-24.992-90.51 0-24.994 24.994-24.994 65.516 0 90.51l210.746 210.746h-613.49c-35.346 0-64 28.654-64 64s28.654 64 64 64h613.49l-210.746 210.746c-12.496 12.496-18.744 28.876-18.744 45.254s6.248 32.758 18.744 45.254c24.994 24.994 65.516 24.994 90.51 0z"],"attrs":[],"isMulticolor":false,"isMulticolor2":false,"tags":["arrow-right","right","next"],"defaultCode":59964,"grid":16},"attrs":[],"properties":{"ligatures":"arrow-right2, right4","name":"arrow-right2","order":2,"id":0,"prevSize":32,"code":59964},"setIdx":2,"setId":6,"iconIdx":0},{"icon":{"paths":["M402.746 877.254l-320-320c-24.994-24.992-24.994-65.516 0-90.51l320-320c24.994-24.992 65.516-24.992 90.51 0 24.994 24.994 24.994 65.516 0 90.51l-210.746 210.746h613.49c35.346 0 64 28.654 64 64s-28.654 64-64 64h-613.49l210.746 210.746c12.496 12.496 18.744 28.876 18.744 45.254s-6.248 32.758-18.744 45.254c-24.994 24.994-65.516 24.994-90.51 0z"],"attrs":[],"isMulticolor":false,"isMulticolor2":false,"tags":["arrow-left","left","previous"],"defaultCode":59968,"grid":16},"attrs":[],"properties":{"ligatures":"arrow-left2, left4","name":"arrow-left2","order":3,"id":1,"prevSize":32,"code":59968},"setIdx":2,"setId":6,"iconIdx":1},{"icon":{"paths":["M981.188 160.108c-143.632-20.65-302.332-32.108-469.186-32.108-166.86 0-325.556 11.458-469.194 32.108-27.53 107.726-42.808 226.75-42.808 351.892 0 125.14 15.278 244.166 42.808 351.89 143.638 20.652 302.336 32.11 469.194 32.11 166.854 0 325.552-11.458 469.186-32.11 27.532-107.724 42.812-226.75 42.812-351.89 0-125.142-15.28-244.166-42.812-351.892zM384.002 704v-384l320 192-320 192z"],"attrs":[],"isMulticolor":false,"isMulticolor2":false,"tags":["play","video","movie"],"defaultCode":59666,"grid":16},"attrs":[],"properties":{"ligatures":"play, video","name":"play","order":5,"id":2,"prevSize":32,"code":59666},"setIdx":2,"setId":6,"iconIdx":2},{"icon":{"paths":["M304 608c0 114.876 93.124 208 208 208s208-93.124 208-208-93.124-208-208-208-208 93.124-208 208zM960 256h-224c-16-64-32-128-96-128h-256c-64 0-80 64-96 128h-224c-35.2 0-64 28.8-64 64v576c0 35.2 28.8 64 64 64h896c35.2 0 64-28.8 64-64v-576c0-35.2-28.8-64-64-64zM512 892c-156.85 0-284-127.148-284-284 0-156.85 127.15-284 284-284 156.852 0 284 127.15 284 284 0 156.852-127.146 284-284 284zM960 448h-128v-64h128v64z"],"attrs":[],"isMulticolor":false,"isMulticolor2":false,"tags":["camera","photo","picture","image"],"defaultCode":59663,"grid":16},"attrs":[],"properties":{"ligatures":"camera, photo","name":"camera","order":10,"id":3,"prevSize":32,"code":59663},"setIdx":2,"setId":6,"iconIdx":3},{"icon":{"paths":["M384 928c0 53.019-42.981 96-96 96s-96-42.981-96-96c0-53.019 42.981-96 96-96s96 42.981 96 96z","M1024 928c0 53.019-42.981 96-96 96s-96-42.981-96-96c0-53.019 42.981-96 96-96s96 42.981 96 96z","M1024 512v-384h-768c0-35.346-28.654-64-64-64h-192v64h128l48.074 412.054c-29.294 23.458-48.074 59.5-48.074 99.946 0 70.696 57.308 128 128 128h768v-64h-768c-35.346 0-64-28.654-64-64 0-0.218 0.014-0.436 0.016-0.656l831.984-127.344z"],"attrs":[],"isMulticolor":false,"isMulticolor2":false,"tags":["cart","purchase","ecommerce","shopping"],"defaultCode":59706,"grid":16},"attrs":[],"properties":{"ligatures":"cart, purchase","name":"cart","order":17,"id":4,"prevSize":32,"code":59706},"setIdx":2,"setId":6,"iconIdx":4},{"icon":{"paths":["M992.262 871.396l-242.552-206.294c-25.074-22.566-51.89-32.926-73.552-31.926 57.256-67.068 91.842-154.078 91.842-249.176 0-212.078-171.922-384-384-384-212.076 0-384 171.922-384 384s171.922 384 384 384c95.098 0 182.108-34.586 249.176-91.844-1 21.662 9.36 48.478 31.926 73.552l206.294 242.552c35.322 39.246 93.022 42.554 128.22 7.356s31.892-92.898-7.354-128.22zM384 640c-141.384 0-256-114.616-256-256s114.616-256 256-256 256 114.616 256 256-114.614 256-256 256z"],"attrs":[],"isMulticolor":false,"isMulticolor2":false,"tags":["search","magnifier","magnifying-glass","inspect","find"],"defaultCode":59782,"grid":16},"attrs":[],"properties":{"ligatures":"search, magnifier","name":"search","order":11,"id":5,"prevSize":32,"code":59782},"setIdx":2,"setId":6,"iconIdx":5},{"icon":{"paths":["M1024 397.050l-353.78-51.408-158.22-320.582-158.216 320.582-353.784 51.408 256 249.538-60.432 352.352 316.432-166.358 316.432 166.358-60.434-352.352 256.002-249.538z"],"attrs":[],"isMulticolor":false,"isMulticolor2":false,"tags":["star-full","rate","star","favorite","bookmark"],"defaultCode":59865,"grid":16},"attrs":[],"properties":{"ligatures":"star-full, rate3","name":"star-full","order":12,"id":6,"prevSize":32,"code":59865},"setIdx":2,"setId":6,"iconIdx":6},{"icon":{"paths":["M736.014 448c-8.908 0-17.77-3.698-24.096-10.928l-199.918-228.478-199.918 228.478c-11.636 13.3-31.856 14.65-45.154 3.010-13.3-11.638-14.648-31.854-3.010-45.154l224-256c6.076-6.944 14.854-10.928 24.082-10.928s18.006 3.984 24.082 10.928l224 256c11.638 13.3 10.292 33.516-3.010 45.154-6.070 5.312-13.582 7.918-21.058 7.918z"],"attrs":[],"isMulticolor":false,"isMulticolor2":false,"tags":["ctrl","control"],"defaultCode":59984,"grid":16},"attrs":[],"properties":{"ligatures":"ctrl, control","name":"ctrl","order":8,"id":7,"prevSize":32,"code":59984},"setIdx":2,"setId":6,"iconIdx":7},{"icon":{"paths":["M1024 429.256c0-200.926-58.792-363.938-131.482-365.226 0.292-0.006 0.578-0.030 0.872-0.030h-82.942c0 0-194.8 146.336-475.23 203.754-8.56 45.292-14.030 99.274-14.030 161.502s5.466 116.208 14.030 161.5c280.428 57.418 475.23 203.756 475.23 203.756h82.942c-0.292 0-0.578-0.024-0.872-0.032 72.696-1.288 131.482-164.298 131.482-365.224zM864.824 739.252c-9.382 0-19.532-9.742-24.746-15.548-12.63-14.064-24.792-35.96-35.188-63.328-23.256-61.232-36.066-143.31-36.066-231.124 0-87.81 12.81-169.89 36.066-231.122 10.394-27.368 22.562-49.266 35.188-63.328 5.214-5.812 15.364-15.552 24.746-15.552 9.38 0 19.536 9.744 24.744 15.552 12.634 14.064 24.796 35.958 35.188 63.328 23.258 61.23 36.068 143.312 36.068 231.122 0 87.804-12.81 169.888-36.068 231.124-10.39 27.368-22.562 49.264-35.188 63.328-5.208 5.806-15.36 15.548-24.744 15.548zM251.812 429.256c0-51.95 3.81-102.43 11.052-149.094-47.372 6.554-88.942 10.324-140.34 10.324-67.058 0-67.058 0-67.058 0l-55.466 94.686v88.17l55.46 94.686c0 0 0 0 67.060 0 51.398 0 92.968 3.774 140.34 10.324-7.236-46.664-11.048-97.146-11.048-149.096zM368.15 642.172l-127.998-24.51 81.842 321.544c4.236 16.634 20.744 25.038 36.686 18.654l118.556-47.452c15.944-6.376 22.328-23.964 14.196-39.084l-123.282-229.152zM864.824 548.73c-3.618 0-7.528-3.754-9.538-5.992-4.87-5.42-9.556-13.86-13.562-24.408-8.962-23.6-13.9-55.234-13.9-89.078s4.938-65.478 13.9-89.078c4.006-10.548 8.696-18.988 13.562-24.408 2.010-2.24 5.92-5.994 9.538-5.994 3.616 0 7.53 3.756 9.538 5.994 4.87 5.42 9.556 13.858 13.56 24.408 8.964 23.598 13.902 55.234 13.902 89.078 0 33.842-4.938 65.478-13.902 89.078-4.004 10.548-8.696 18.988-13.56 24.408-2.008 2.238-5.92 5.992-9.538 5.992z"],"tags":["bullhorn","megaphone","announcement","advertisement","news"],"defaultCode":59674,"grid":16,"attrs":[]},"attrs":[],"properties":{"ligatures":"bullhorn, megaphone","name":"bullhorn","order":34,"id":27,"prevSize":32,"code":59674},"setIdx":7,"setId":1,"iconIdx":26},{"icon":{"paths":["M64 192h896v192h-896zM64 448h896v192h-896zM64 704h896v192h-896z"],"tags":["menu","list","options","lines","hamburger"],"defaultCode":59837,"grid":16,"attrs":[]},"attrs":[],"properties":{"ligatures":"menu, list3","name":"menu","order":33,"id":190,"prevSize":32,"code":59837},"setIdx":7,"setId":1,"iconIdx":189},{"icon":{"paths":["M621.254 877.254l320-320c24.994-24.992 24.994-65.516 0-90.51l-320-320c-24.994-24.992-65.516-24.992-90.51 0-24.994 24.994-24.994 65.516 0 90.51l210.746 210.746h-613.49c-35.346 0-64 28.654-64 64s28.654 64 64 64h613.49l-210.746 210.746c-12.496 12.496-18.744 28.876-18.744 45.254s6.248 32.758 18.744 45.254c24.994 24.994 65.516 24.994 90.51 0z"],"tags":["arrow-right","right","next"],"defaultCode":59964,"grid":16,"attrs":[]},"attrs":[],"properties":{"ligatures":"arrow-right2, right4","name":"arrow-right21","order":27,"id":317,"prevSize":32,"code":59965},"setIdx":7,"setId":1,"iconIdx":316},{"icon":{"paths":["M402.746 877.254l-320-320c-24.994-24.992-24.994-65.516 0-90.51l320-320c24.994-24.992 65.516-24.992 90.51 0 24.994 24.994 24.994 65.516 0 90.51l-210.746 210.746h613.49c35.346 0 64 28.654 64 64s-28.654 64-64 64h-613.49l210.746 210.746c12.496 12.496 18.744 28.876 18.744 45.254s-6.248 32.758-18.744 45.254c-24.994 24.994-65.516 24.994-90.51 0z"],"tags":["arrow-left","left","previous"],"defaultCode":59968,"grid":16,"attrs":[]},"attrs":[],"properties":{"ligatures":"arrow-left2, left4","name":"arrow-left21","order":28,"id":321,"prevSize":32,"code":59969},"setIdx":7,"setId":1,"iconIdx":320},{"icon":{"paths":["M0 512c0 282.77 229.23 512 512 512s512-229.23 512-512-229.23-512-512-512-512 229.23-512 512zM928 512c0 229.75-186.25 416-416 416s-416-186.25-416-416 186.25-416 416-416 416 186.25 416 416z","M706.744 669.256l90.512-90.512-285.256-285.254-285.254 285.256 90.508 90.508 194.746-194.744z"],"tags":["circle-up","up","circle-top","arrow"],"defaultCode":59969,"grid":16,"attrs":[]},"attrs":[],"properties":{"ligatures":"circle-up, up3","name":"circle-up","order":26,"id":322,"prevSize":32,"code":59970},"setIdx":7,"setId":1,"iconIdx":321},{"icon":{"paths":["M512 0c-282.77 0-512 229.23-512 512s229.23 512 512 512 512-229.23 512-512-229.23-512-512-512zM512 928c-229.75 0-416-186.25-416-416s186.25-416 416-416 416 186.25 416 416-186.25 416-416 416z","M354.744 706.744l90.512 90.512 285.254-285.256-285.256-285.254-90.508 90.508 194.744 194.746z"],"tags":["circle-right","right","circle-next","arrow"],"defaultCode":59970,"grid":16,"attrs":[]},"attrs":[],"properties":{"ligatures":"circle-right, right5","name":"circle-right","order":23,"id":323,"prevSize":32,"code":59971},"setIdx":7,"setId":1,"iconIdx":322},{"icon":{"paths":["M1024 512c0-282.77-229.23-512-512-512s-512 229.23-512 512 229.23 512 512 512 512-229.23 512-512zM96 512c0-229.75 186.25-416 416-416s416 186.25 416 416-186.25 416-416 416-416-186.25-416-416z","M317.256 354.744l-90.512 90.512 285.256 285.254 285.254-285.256-90.508-90.508-194.746 194.744z"],"tags":["circle-down","down","circle-bottom","arrow"],"defaultCode":59971,"grid":16,"attrs":[]},"attrs":[],"properties":{"ligatures":"circle-down, down3","name":"circle-down","order":25,"id":324,"prevSize":32,"code":59972},"setIdx":7,"setId":1,"iconIdx":323},{"icon":{"paths":["M512 1024c282.77 0 512-229.23 512-512s-229.23-512-512-512-512 229.23-512 512 229.23 512 512 512zM512 96c229.75 0 416 186.25 416 416s-186.25 416-416 416-416-186.25-416-416 186.25-416 416-416z","M669.256 317.256l-90.512-90.512-285.254 285.256 285.256 285.254 90.508-90.508-194.744-194.746z"],"tags":["circle-left","left","circle-previous","arrow"],"defaultCode":59972,"grid":16,"attrs":[]},"attrs":[],"properties":{"ligatures":"circle-left, left5","name":"circle-left","order":24,"id":325,"prevSize":32,"code":59973},"setIdx":7,"setId":1,"iconIdx":324}],"height":1024,"metadata":{"name":"icomoon"},"preferences":{"showGlyphs":true,"showQuickUse":true,"showQuickUse2":true,"showSVGs":true,"fontPref":{"prefix":"icon-","metadata":{"fontFamily":"icomoon"},"metrics":{"emSize":1024,"baseline":6.25,"whitespace":50},"embed":false},"imagePref":{"prefix":"icon-","png":true,"useClassSelector":true,"color":0,"bgColor":16777215,"classSelector":".icon"},"historySize":50,"showCodes":true,"gridSize":16}}